,model,original_score_v2_0,original_score_v2_1,attacked_score_v2_0_PGD,attacked_score_v2_1_PGD,attacked_score_v2_0_FGSM,attacked_score_v2_1_FGSM,decrease_rate_v2_0_PGD,decrease_rate_v2_1_PGD,decrease_rate_v2_0_FGSM,decrease_rate_v2_1_FGSM
0,scores\dreamshaper,0.315,0.3816,0.278,0.3022,0.2996,0.3574,0.11746031746031739,0.20807127882599574,0.04888888888888897,0.06341719077568134
1,scores\dreamshaper,0.314,0.378,0.282,0.325,0.3015,0.3657,0.1019108280254778,0.14021164021164018,0.03980891719745226,0.03253968253968248
2,scores\dreamshaper,0.3171,0.3813,0.2798,0.313,0.2974,0.3547,0.11762850835698518,0.1791240493050091,0.06212551245663827,0.06976134277471796
3,scores\dreamshaper,0.3171,0.358,0.2803,0.303,0.298,0.3386,0.11605171870072532,0.1536312849162011,0.06023336486912648,0.05418994413407814
4,scores\dreamshaper,0.3215,0.3667,0.2815,0.2998,0.299,0.34,0.12441679626749622,0.1824379601854377,0.06998444790046662,0.07281156258521952
5,scores\dreamshaper,0.3137,0.3704,0.2795,0.3154,0.294,0.3506,0.10902135798533616,0.14848812095032396,0.06279885240675803,0.053455723542116584
6,scores\dreamshaper,0.3152,0.3755,0.286,0.319,0.3008,0.3552,0.09263959390862946,0.15046604527296936,0.04568527918781716,0.05406125166444736
7,scores\dreamshaper,0.3354,0.3955,0.2769,0.2932,0.3064,0.363,0.1744186046511628,0.2586599241466498,0.08646392367322592,0.08217446270543623
8,scores\dreamshaper,0.2979,0.3767,0.274,0.3452,0.2869,0.3645,0.08022826451829465,0.0836209185027873,0.03692514266532397,0.03238651446774619
9,scores\dreamshaper,0.2842,0.3313,0.2474,0.2512,0.271,0.2961,0.1294862772695285,0.24177482644129192,0.04644616467276562,0.10624811349230308
10,scores\dreamshaper,0.295,0.3462,0.2554,0.2761,0.2769,0.328,0.13423728813559313,0.20248411322934717,0.06135593220338985,0.05257076834199883
11,scores\dreamshaper,0.2869,0.335,0.2551,0.2769,0.2742,0.317,0.1108400139421401,0.17343283582089564,0.04426629487626347,0.05373134328358213
12,scores\dreamshaper,0.2961,0.3643,0.2546,0.2852,0.2798,0.3457,0.14015535292131032,0.21712874004940982,0.05504896994258691,0.05105682130112546
13,scores\dreamshaper,0.2908,0.3523,0.2585,0.295,0.2737,0.3164,0.11107290233837687,0.1626454726085723,0.05880330123796425,0.10190178824865168
14,scores\dreamshaper,0.2954,0.343,0.2524,0.255,0.2803,0.318,0.1455653351387948,0.25655976676384845,0.05111712931618146,0.07288629737609335
15,scores\dreamshaper,0.2961,0.3496,0.2588,0.2927,0.28,0.3362,0.1259709557581898,0.16275743707093823,0.05437352245862867,0.03832951945080098
16,scores\dreamshaper,0.2883,0.2964,0.2493,0.2374,0.2725,0.2783,0.1352757544224766,0.199055330634278,0.05480402358654173,0.061066126855600554
17,scores\dreamshaper,0.2942,0.3,0.2625,0.2517,0.2778,0.2874,0.10774983004758669,0.16100000000000003,0.05574439157036038,0.042
18,scores\dreamshaper,0.2847,0.2864,0.258,0.2378,0.2761,0.2788,0.09378292939936776,0.16969273743016752,0.03020723568668773,0.026536312849161997
19,scores\dreamshaper,0.295,0.3066,0.2666,0.2673,0.2808,0.2964,0.0962711864406779,0.12818003913894327,0.04813559322033895,0.0332681017612524
20,scores\dreamshaper,0.3022,0.3254,0.264,0.2737,0.2817,0.2983,0.1264063534083389,0.158881376767056,0.0678358702845798,0.08328211432083593
21,scores\dreamshaper,0.277,0.263,0.2094,0.1781,0.2622,0.243,0.24404332129963904,0.3228136882129278,0.053429602888086764,0.07604562737642592
22,scores\dreamshaper,0.2832,0.2722,0.2527,0.2332,0.2676,0.2563,0.10769774011299445,0.1432770022042616,0.05508474576271187,0.05841293166789135
23,scores\dreamshaper,0.288,0.286,0.2583,0.2434,0.2769,0.2756,0.10312500000000002,0.14895104895104885,0.03854166666666667,0.036363636363636244
24,scores\dreamshaper,0.3123,0.325,0.269,0.2847,0.2886,0.315,0.13864873519052195,0.124,0.07588856868395773,0.030769230769230795
25,scores\dreamshaper,0.3079,0.341,0.273,0.302,0.2893,0.322,0.1133484897694056,0.11436950146627575,0.0604092237739526,0.05571847507331383
26,scores\dreamshaper,0.3152,0.3418,0.2815,0.3142,0.3013,0.3267,0.10691624365482237,0.08074897600936225,0.04409898477157351,0.04417788180222353
27,scores\dreamshaper,0.3123,0.342,0.2664,0.2688,0.2869,0.3171,0.14697406340057634,0.21403508771929836,0.08133205251360881,0.07280701754385974
28,scores\dreamshaper,0.3132,0.3267,0.2559,0.2524,0.2778,0.2986,0.1829501915708811,0.22742577288031826,0.11302681992337162,0.08601163146617696
29,scores\dreamshaper,0.3071,0.3538,0.2744,0.3215,0.2893,0.3418,0.1064799739498535,0.09129451667608818,0.057961576033865134,0.03391746749576035
30,scores\dreamshaper,0.3093,0.3235,0.27,0.283,0.2837,0.309,0.1270611057225994,0.1251931993817621,0.08276753960556098,0.04482225656877902
31,scores\dreamshaper,0.3147,0.3477,0.2751,0.3079,0.2915,0.336,0.12583412774070535,0.11446649410411275,0.07372100413091834,0.033649698015530596
32,scores\dreamshaper,0.2983,0.3352,0.2532,0.2773,0.2732,0.3223,0.1511900771035871,0.17273269689737472,0.08414347971840433,0.038484486873508424
33,scores\dreamshaper,0.2986,0.331,0.2527,0.2744,0.2695,0.3003,0.1537173476222371,0.17099697885196385,0.0974547890154051,0.09274924471299095
34,scores\dreamshaper,0.3035,0.372,0.2683,0.3462,0.2852,0.355,0.11598023064250415,0.06935483870967739,0.060296540362438165,0.04569892473118284
35,scores\dreamshaper,0.2986,0.3257,0.2433,0.2363,0.2676,0.301,0.18519758874748826,0.2744857230580288,0.10381781647689207,0.07583665950260976
36,scores\dreamshaper,0.3022,0.3408,0.2556,0.2837,0.2717,0.3064,0.1542025148908009,0.16754694835680747,0.10092653871608215,0.10093896713615019
37,scores\dreamshaper,0.2976,0.36,0.2708,0.3352,0.2805,0.3508,0.09005376344086019,0.06888888888888886,0.05745967741935467,0.02555555555555552
38,scores\dreamshaper,0.2966,0.3464,0.259,0.2957,0.2734,0.334,0.12677006068779492,0.14636258660508075,0.0782198246797033,0.035796766743648865
39,scores\dreamshaper,0.2952,0.3281,0.2544,0.2808,0.2747,0.309,0.13821138211382114,0.14416336482779643,0.0694444444444445,0.05821395915879307
40,scores\dreamshaper,0.3098,0.3193,0.2708,0.2654,0.2957,0.3096,0.12588766946417054,0.16880676479799547,0.04551323434473854,0.03037895396179138
41,scores\dreamshaper,0.297,0.278,0.2468,0.2,0.273,0.2502,0.16902356902356902,0.28057553956834536,0.08080808080808069,0.10000000000000016
42,scores\dreamshaper,0.3064,0.3228,0.2676,0.2627,0.2913,0.3079,0.12663185378590078,0.18618339529120195,0.04928198433420366,0.04615861214374216
43,scores\dreamshaper,0.3025,0.3125,0.2747,0.272,0.2854,0.2856,0.09190082644628096,0.12959999999999994,0.056528925619834726,0.08607999999999993
44,scores\dreamshaper,0.2983,0.306,0.2484,0.2164,0.2776,0.271,0.16728126047603084,0.29281045751633983,0.06939322829366408,0.11437908496732019
45,scores\dreamshaper,0.2766,0.264,0.2466,0.22,0.2634,0.2389,0.10845986984815617,0.1666666666666667,0.04772234273318868,0.09507575757575762
46,scores\dreamshaper,0.2847,0.2693,0.2467,0.206,0.2742,0.2487,0.1334738321039691,0.2350538432974378,0.036880927291886224,0.07649461567025614
47,scores\dreamshaper,0.293,0.2717,0.2454,0.2064,0.2717,0.2491,0.16245733788395897,0.24033860875966137,0.07269624573378836,0.08317997791682005
48,scores\dreamshaper,0.3196,0.3916,0.2637,0.2712,0.2925,0.3604,0.1749061326658323,0.3074565883554648,0.08479349186483108,0.07967313585291115
49,scores\dreamshaper,0.3223,0.3777,0.2637,0.2678,0.2874,0.3486,0.1818181818181818,0.29097167063807255,0.10828420726031644,0.07704527402700545
50,scores\dreamshaper,0.327,0.3867,0.2776,0.3093,0.2979,0.3657,0.1510703363914373,0.2001551590380139,0.08899082568807344,0.05430566330488742
51,scores\dreamshaper,0.321,0.3992,0.2754,0.3088,0.2961,0.3804,0.14205607476635523,0.2264529058116232,0.07757009345794402,0.047094188376753464
52,scores\dreamshaper,0.3142,0.3699,0.2622,0.26,0.287,0.3389,0.16549968173138127,0.29710732630440656,0.086569064290261,0.08380643417139774
53,scores\dreamshaper,0.303,0.3687,0.264,0.265,0.2866,0.3418,0.12871287128712866,0.28125847572552215,0.054125412541254025,0.07295904529427728
54,scores\dreamshaper,0.3137,0.3787,0.2673,0.257,0.2898,0.3413,0.14791201785145042,0.32136255611301817,0.07618744022951858,0.09875891206759965
55,scores\dreamshaper,0.3174,0.365,0.2559,0.2261,0.28,0.3218,0.1937618147448015,0.38054794520547947,0.11783238815374918,0.1183561643835617
56,scores\dreamshaper,0.264,0.266,0.2402,0.2195,0.2524,0.2463,0.0901515151515152,0.174812030075188,0.04393939393939393,0.07406015037593994
57,scores\dreamshaper,0.257,0.2527,0.2212,0.1954,0.2426,0.2227,0.1392996108949416,0.2267510882469331,0.05603112840466924,0.1187178472497031
58,scores\dreamshaper,0.2546,0.2328,0.2316,0.1864,0.2448,0.2134,0.09033778476040846,0.1993127147766323,0.03849175176747841,0.08333333333333333
59,scores\dreamshaper,0.2522,0.2086,0.2233,0.1565,0.2352,0.1852,0.11459159397303721,0.2497603068072867,0.06740681998413953,0.11217641418983702
60,scores\dreamshaper,0.2627,0.2478,0.2344,0.1879,0.2524,0.2379,0.10772744575561474,0.24172719935431794,0.03920822230681376,0.03995157384987891
61,scores\dreamshaper,0.256,0.2366,0.2327,0.1941,0.2462,0.223,0.09101562500000006,0.1796280642434489,0.03828125000000001,0.05748098055790364
62,scores\dreamshaper,0.2578,0.2418,0.2275,0.1769,0.245,0.2194,0.11753297129557785,0.2684036393713813,0.0496508921644685,0.09263854425144738
63,scores\dreamshaper,0.2615,0.262,0.2385,0.2131,0.248,0.2319,0.08795411089866165,0.1866412213740458,0.05162523900573618,0.11488549618320616
64,scores\dreamshaper,0.2996,0.311,0.2754,0.2637,0.2905,0.3123,0.08077436582109479,0.15209003215434086,0.030373831775700928,-0.0041800643086817475
65,scores\dreamshaper,0.3042,0.3308,0.2734,0.2908,0.291,0.3176,0.10124917817225525,0.120918984280532,0.043392504930966615,0.03990326481257554
66,scores\dreamshaper,0.3137,0.3462,0.2854,0.331,0.2969,0.3457,0.09021357985336306,0.043905257076834174,0.05355435129104234,0.0014442518775274421
67,scores\dreamshaper,0.2954,0.334,0.2854,0.2976,0.2969,0.3228,0.03385240352065,0.10898203592814383,-0.0050778605280975,0.03353293413173666
68,scores\dreamshaper,0.3027,0.321,0.2795,0.2964,0.2908,0.3184,0.0766435414601916,0.07663551401869162,0.03931285100759835,0.008099688473520222
69,scores\dreamshaper,0.3042,0.3516,0.2827,0.3167,0.2998,0.3457,0.0706771860618015,0.09926052332195688,0.014464168310322205,0.016780432309442594
70,scores\dreamshaper,0.3044,0.3108,0.2742,0.2751,0.286,0.306,0.09921156373193168,0.11486486486486489,0.06044678055190548,0.015444015444015528
71,scores\dreamshaper,0.3132,0.319,0.278,0.301,0.299,0.3167,0.11238825031928466,0.056426332288401305,0.045338441890166004,0.007210031347962459
72,scores\dreamshaper,0.3127,0.3762,0.2751,0.3447,0.289,0.3684,0.12024304445155092,0.08373205741626788,0.07579149344419572,0.02073365231259961
73,scores\dreamshaper,0.315,0.3386,0.2625,0.2727,0.2817,0.3147,0.16666666666666663,0.19462492616656826,0.1057142857142857,0.07058476077968114
74,scores\dreamshaper,0.312,0.3562,0.2722,0.2996,0.2954,0.353,0.12756410256410258,0.15889949466591813,0.05320512820512822,0.008983717012914194
75,scores\dreamshaper,0.3235,0.3877,0.2842,0.353,0.3018,0.3718,0.121483771251932,0.08950219241681714,0.06707882534775887,0.04101109104978068
76,scores\dreamshaper,0.3271,0.3872,0.2844,0.3457,0.3008,0.383,0.13054111892387654,0.10717975206611566,0.08040354631611125,0.010847107438016482
77,scores\dreamshaper,0.3245,0.3867,0.2764,0.3323,0.291,0.3726,0.14822804314329746,0.14067752779932766,0.103235747303544,0.03646237393328162
78,scores\dreamshaper,0.3096,0.348,0.2683,0.2947,0.285,0.3428,0.13339793281653747,0.15316091954022978,0.07945736434108532,0.014942528735632135
79,scores\dreamshaper,0.328,0.3877,0.283,0.3513,0.2988,0.3801,0.13719512195121963,0.09388702605107038,0.08902439024390245,0.01960278565901469
80,scores\dreamlike_photoreal,0.3137,0.3445,0.2815,0.2996,0.2937,0.3235,0.10264583997449796,0.13033381712626996,0.06375518010838369,0.060957910014513686
81,scores\dreamlike_photoreal,0.304,0.321,0.2708,0.2676,0.2905,0.3062,0.1092105263157895,0.16635514018691588,0.044407894736842146,0.0461059190031152
82,scores\dreamlike_photoreal,0.3079,0.3225,0.2808,0.2805,0.293,0.3103,0.088015589477103,0.13023255813953483,0.048392335173757794,0.03782945736434105
83,scores\dreamlike_photoreal,0.291,0.256,0.255,0.2031,0.2756,0.2333,0.12371134020618549,0.206640625,0.05292096219931261,0.08867187499999998
84,scores\dreamlike_photoreal,0.2888,0.274,0.2664,0.2306,0.28,0.2668,0.077562326869806,0.15839416058394168,0.030470914127423733,0.026277372262773865
85,scores\dreamlike_photoreal,0.308,0.303,0.2761,0.2612,0.2869,0.2915,0.10357142857142852,0.13795379537953797,0.06850649350649353,0.03795379537953799
86,scores\dreamlike_photoreal,0.2874,0.257,0.2434,0.1785,0.2727,0.228,0.1530967292971468,0.30544747081712065,0.051148225469728574,0.11284046692607003
87,scores\dreamlike_photoreal,0.3206,0.3132,0.2754,0.2542,0.292,0.2861,0.14098565190268253,0.1883780332056194,0.08920773549594514,0.08652618135376743
88,scores\dreamlike_photoreal,0.2827,0.2864,0.256,0.2434,0.2695,0.2698,0.0944464096215069,0.15013966480446922,0.04669260700389101,0.05796089385474862
89,scores\dreamlike_photoreal,0.2842,0.2925,0.254,0.227,0.2698,0.27,0.10626319493314569,0.22393162393162386,0.0506685432793808,0.0769230769230768
90,scores\dreamlike_photoreal,0.2793,0.2817,0.2493,0.2373,0.264,0.2534,0.10741138560687433,0.15761448349307772,0.05477980665950584,0.10046148384806529
91,scores\dreamlike_photoreal,0.281,0.2898,0.239,0.2136,0.2632,0.2502,0.14946619217081863,0.2629399585921325,0.06334519572953749,0.13664596273291935
92,scores\dreamlike_photoreal,0.2766,0.2769,0.2415,0.2129,0.2573,0.2383,0.1268980477223428,0.2311303719754423,0.06977584960231395,0.1394005055976886
93,scores\dreamlike_photoreal,0.2905,0.2983,0.255,0.2452,0.2712,0.279,0.1222030981067125,0.17800871605766008,0.06643717728055072,0.06469996647670125
94,scores\dreamlike_photoreal,0.2776,0.2678,0.2493,0.2214,0.2659,0.2454,0.1019452449567724,0.17326362957430907,0.04214697406340053,0.08364451082897677
95,scores\dreamlike_photoreal,0.286,0.2825,0.2559,0.24,0.2717,0.2698,0.10524475524475511,0.15044247787610615,0.04999999999999993,0.044955752212389344
96,scores\dreamlike_photoreal,0.2766,0.2761,0.2393,0.1996,0.2654,0.254,0.1348517715112075,0.2770735240854763,0.04049168474331159,0.08004346251358206
97,scores\dreamlike_photoreal,0.2815,0.2576,0.2373,0.2155,0.26,0.2368,0.1570159857904084,0.16343167701863354,0.07637655417406737,0.08074534161490678
98,scores\dreamlike_photoreal,0.2927,0.3062,0.258,0.2439,0.272,0.274,0.11855141783395971,0.2034617896799478,0.0707208746156474,0.10516002612671457
99,scores\dreamlike_photoreal,0.2786,0.2634,0.2406,0.22,0.2617,0.2426,0.1363962670495334,0.16476841305998488,0.060660445082555726,0.07896735003796511
100,scores\dreamlike_photoreal,0.3005,0.3188,0.26,0.2615,0.2769,0.287,0.13477537437603987,0.17973651191969878,0.07853577371048256,0.09974905897114178
101,scores\dreamlike_photoreal,0.2712,0.265,0.1826,0.1589,0.2605,0.2474,0.3266961651917404,0.400377358490566,0.039454277286135646,0.06641509433962266
102,scores\dreamlike_photoreal,0.277,0.2654,0.2505,0.2135,0.269,0.2524,0.09566787003610117,0.19555388093443868,0.0288808664259928,0.04898266767143938
103,scores\dreamlike_photoreal,0.288,0.2915,0.236,0.19,0.2607,0.2411,0.18055555555555552,0.34819897084048024,0.09479166666666665,0.17289879931389357
104,scores\dreamlike_photoreal,0.3093,0.3213,0.265,0.261,0.289,0.324,0.14322664080181055,0.18767507002801112,0.06563207242159728,-0.008403361344537928
105,scores\dreamlike_photoreal,0.3015,0.305,0.273,0.2808,0.2852,0.2983,0.0945273631840795,0.07934426229508197,0.05406301824212266,0.021967213114754046
106,scores\dreamlike_photoreal,0.3115,0.3235,0.275,0.2947,0.2903,0.3154,0.117174959871589,0.08902627511591961,0.06805778491171749,0.025038639876352384
107,scores\dreamlike_photoreal,0.2812,0.2766,0.2546,0.2396,0.269,0.2651,0.09459459459459464,0.13376717281272596,0.043385490753911765,0.04157628344179324
108,scores\dreamlike_photoreal,0.297,0.2976,0.2668,0.254,0.2786,0.2732,0.10168350168350171,0.14650537634408595,0.061952861952861864,0.08198924731182788
109,scores\dreamlike_photoreal,0.2822,0.2903,0.2551,0.2522,0.268,0.277,0.0960311835577605,0.13124354116431286,0.05031892274982278,0.04581467447468129
110,scores\dreamlike_photoreal,0.2876,0.291,0.2568,0.2483,0.274,0.2788,0.10709318497913786,0.14673539518900341,0.04728789986091794,0.041924398625429515
111,scores\dreamlike_photoreal,0.3145,0.316,0.2756,0.283,0.291,0.3093,0.12368839427662953,0.10443037974683554,0.0747217806041336,0.02120253164556957
112,scores\dreamlike_photoreal,0.29,0.3506,0.2585,0.3123,0.2766,0.33,0.10862068965517233,0.10924130062749572,0.04620689655172403,0.058756417569880225
113,scores\dreamlike_photoreal,0.2844,0.3281,0.262,0.307,0.2722,0.3245,0.0787623066104078,0.06430966168850963,0.042897327707454254,0.010972264553489765
114,scores\dreamlike_photoreal,0.2996,0.3547,0.2715,0.333,0.2825,0.3428,0.09379172229639506,0.06117846067098956,0.05707610146862485,0.033549478432478214
115,scores\dreamlike_photoreal,0.2952,0.346,0.268,0.319,0.284,0.342,0.0921409214092141,0.07803468208092477,0.03794037940379418,0.011560693641618347
116,scores\dreamlike_photoreal,0.2864,0.333,0.2556,0.2834,0.2722,0.3242,0.10754189944134077,0.14894894894894903,0.04958100558659215,0.026426426426426515
117,scores\dreamlike_photoreal,0.291,0.352,0.2703,0.3337,0.2783,0.3438,0.0711340206185567,0.05198863636363632,0.04364261168384876,0.023295454545454505
118,scores\dreamlike_photoreal,0.305,0.3474,0.2654,0.317,0.2834,0.3552,0.1298360655737704,0.08750719631548642,0.07081967213114757,-0.022452504317789376
119,scores\dreamlike_photoreal,0.2952,0.3406,0.26,0.3047,0.2812,0.3347,0.11924119241192414,0.10540223135642979,0.04742547425474258,0.01732237228420439
120,scores\dreamlike_photoreal,0.2783,0.2421,0.2421,0.1865,0.2646,0.2283,0.1300754581386992,0.22965716646014048,0.04922745238950769,0.05700123915737301
121,scores\dreamlike_photoreal,0.2776,0.2318,0.2312,0.1686,0.2578,0.2085,0.16714697406340065,0.272648835202761,0.07132564841498573,0.10051768766177746
122,scores\dreamlike_photoreal,0.2993,0.2778,0.2418,0.1823,0.2737,0.2465,0.19211493484797867,0.343772498200144,0.08553291012362182,0.11267098632109429
123,scores\dreamlike_photoreal,0.2827,0.2568,0.2505,0.2073,0.268,0.2462,0.11390166253979485,0.19275700934579426,0.051998585072515,0.04127725856697808
124,scores\dreamlike_photoreal,0.2979,0.3,0.2432,0.237,0.2756,0.278,0.18361866398120175,0.21000000000000002,0.07485733467606574,0.07333333333333322
125,scores\dreamlike_photoreal,0.276,0.2444,0.2405,0.195,0.2583,0.2222,0.1286231884057972,0.20212765957446807,0.06413043478260887,0.09083469721767592
126,scores\dreamlike_photoreal,0.308,0.319,0.249,0.1926,0.2893,0.3013,0.19155844155844154,0.3962382445141066,0.0607142857142857,0.055485893416927876
127,scores\dreamlike_photoreal,0.2869,0.2542,0.2277,0.1871,0.2598,0.2223,0.20634367375392115,0.2639653815892998,0.09445799930289304,0.12549173878835557
128,scores\dreamlike_photoreal,0.316,0.3713,0.2832,0.3184,0.2974,0.359,0.10379746835443036,0.14247239429033126,0.0588607594936709,0.033126851602477865
129,scores\dreamlike_photoreal,0.314,0.3503,0.2703,0.2654,0.291,0.339,0.13917197452229305,0.24236368826719948,0.07324840764331217,0.03225806451612897
130,scores\dreamlike_photoreal,0.314,0.3518,0.2793,0.29,0.2942,0.3347,0.11050955414012742,0.17566799317794207,0.06305732484076428,0.04860716316088688
131,scores\dreamlike_photoreal,0.3105,0.3472,0.2737,0.2776,0.2905,0.3281,0.11851851851851852,0.20046082949308755,0.06441223832528187,0.05501152073732721
132,scores\dreamlike_photoreal,0.3193,0.356,0.2788,0.2842,0.2974,0.3367,0.12683996241778886,0.2016853932584269,0.06858753523332282,0.05421348314606737
133,scores\dreamlike_photoreal,0.3093,0.3513,0.2722,0.2778,0.2856,0.329,0.11994827028774659,0.20922288642186168,0.0766246362754607,0.06347850839738112
134,scores\dreamlike_photoreal,0.3098,0.3442,0.271,0.2742,0.2913,0.3345,0.12524209167204647,0.2033701336432307,0.05971594577146551,0.028181289947704784
135,scores\dreamlike_photoreal,0.305,0.3252,0.2727,0.2725,0.2861,0.3135,0.10590163934426228,0.16205412054120533,0.06196721311475401,0.03597785977859775
136,scores\dreamlike_photoreal,0.2632,0.2578,0.2451,0.2244,0.254,0.247,0.06876899696048624,0.12955779674166015,0.034954407294832776,0.04189294026377028
137,scores\dreamlike_photoreal,0.2715,0.2795,0.252,0.2546,0.2588,0.265,0.07182320441988956,0.08908765652951711,0.04677716390423589,0.05187835420393564
138,scores\dreamlike_photoreal,0.2698,0.2803,0.251,0.2563,0.2566,0.266,0.06968124536693841,0.08562254727078139,0.04892512972572272,0.05101676774884045
139,scores\dreamlike_photoreal,0.261,0.2515,0.2426,0.214,0.2502,0.2302,0.07049808429118773,0.14910536779324057,0.041379310344827704,0.08469184890656069
140,scores\dreamlike_photoreal,0.2627,0.233,0.2357,0.189,0.2491,0.2192,0.10277883517320135,0.18884120171673824,0.05177007993909403,0.059227467811158827
141,scores\dreamlike_photoreal,0.2646,0.2642,0.2454,0.2256,0.2588,0.253,0.07256235827664397,0.1461014383043149,0.02191987906273631,0.04239212717638149
142,scores\dreamlike_photoreal,0.2651,0.265,0.245,0.2333,0.2534,0.2534,0.07582044511505096,0.11962264150943398,0.04413428894756691,0.04377358490566037
143,scores\dreamlike_photoreal,0.27,0.2656,0.2517,0.2358,0.2607,0.262,0.06777777777777791,0.11219879518072287,0.034444444444444555,0.01355421686746985
144,scores\dreamlike_photoreal,0.3074,0.3174,0.281,0.2778,0.2954,0.3206,0.08588158750813266,0.12476370510396982,0.03903708523096946,-0.01008191556395709
145,scores\dreamlike_photoreal,0.2993,0.309,0.2805,0.2778,0.2908,0.3123,0.06281323087203469,0.10097087378640779,0.02839959906448382,-0.010679611650485518
146,scores\dreamlike_photoreal,0.3057,0.3203,0.2815,0.2842,0.293,0.3171,0.07916257769054647,0.11270683733999366,0.04154399738305543,0.009990633780830411
147,scores\dreamlike_photoreal,0.2922,0.2996,0.2732,0.2627,0.2837,0.282,0.06502395619438746,0.12316421895861145,0.0290896646132786,0.058744993324432594
148,scores\dreamlike_photoreal,0.2993,0.3032,0.2817,0.2815,0.294,0.3042,0.05880387570998999,0.07156992084432734,0.017707985299031163,-0.0032981530343007943
149,scores\dreamlike_photoreal,0.3037,0.3137,0.2834,0.2925,0.2937,0.3076,0.06684227856437286,0.06758049091488683,0.032927230819888076,0.019445329933057046
150,scores\dreamlike_photoreal,0.3022,0.3135,0.281,0.299,0.2908,0.3154,0.07015221707478489,0.04625199362041471,0.03772336201191271,-0.006060606060606101
151,scores\dreamlike_photoreal,0.311,0.335,0.2903,0.3162,0.2983,0.346,0.06655948553054661,0.05611940298507474,0.0408360128617363,-0.03283582089552225
152,scores\dreamlike_photoreal,0.315,0.3545,0.2751,0.3188,0.2852,0.3396,0.12666666666666665,0.10070521861777154,0.09460317460317458,0.04203102961918186
153,scores\dreamlike_photoreal,0.309,0.3303,0.2666,0.285,0.279,0.315,0.13721682847896438,0.13714804722979113,0.0970873786407766,0.046321525885558525
154,scores\dreamlike_photoreal,0.3047,0.3354,0.2678,0.2854,0.2815,0.3137,0.12110272399081076,0.14907573047107928,0.07614046603216296,0.06469886702444842
155,scores\dreamlike_photoreal,0.3225,0.3694,0.2825,0.3342,0.2917,0.3538,0.1240310077519381,0.09528965890633462,0.09550387596899222,0.042230644288034656
156,scores\dreamlike_photoreal,0.3215,0.3528,0.2734,0.309,0.2898,0.325,0.14961119751166416,0.12414965986394559,0.09860031104199068,0.07879818594104306
157,scores\dreamlike_photoreal,0.3025,0.3447,0.2715,0.3047,0.2844,0.335,0.10247933884297512,0.11604293588627786,0.05983471074380167,0.028140411952422357
158,scores\dreamlike_photoreal,0.3132,0.362,0.2761,0.3218,0.2869,0.3533,0.11845466155810973,0.11104972375690612,0.08397190293742016,0.02403314917127068
159,scores\dreamlike_photoreal,0.313,0.3608,0.2761,0.329,0.2903,0.342,0.1178913738019169,0.08813747228381373,0.07252396166134184,0.0521064301552106
160,scores\realistic_vision,0.3152,0.365,0.28,0.3154,0.3025,0.3633,0.11167512690355316,0.13589041095890406,0.0402918781725888,0.004657534246575286
161,scores\realistic_vision,0.3076,0.3345,0.2715,0.2732,0.2942,0.324,0.11736020806241862,0.1832585949177878,0.0435630689206761,0.03139013452914801
162,scores\realistic_vision,0.3137,0.3062,0.2734,0.2377,0.2903,0.2842,0.12846668791839339,0.22370999346832143,0.07459356072680898,0.07184846505551933
163,scores\realistic_vision,0.3103,0.3079,0.2673,0.2363,0.2932,0.2969,0.1385755720270707,0.2325430334524196,0.055107960038672264,0.035725885027606395
164,scores\realistic_vision,0.3208,0.323,0.2788,0.2625,0.3018,0.319,0.13092269326683287,0.1873065015479876,0.05922693266832906,0.01238390092879258
165,scores\realistic_vision,0.31,0.301,0.2632,0.224,0.2922,0.2773,0.1509677419354839,0.25581395348837205,0.05741935483870962,0.0787375415282392
166,scores\realistic_vision,0.2966,0.2744,0.2502,0.1898,0.278,0.2524,0.1564396493594066,0.3083090379008746,0.06271072151045162,0.0801749271137025
167,scores\realistic_vision,0.3213,0.327,0.2815,0.2544,0.2976,0.3071,0.12387177093059448,0.2220183486238532,0.07376283846872082,0.06085626911314993
168,scores\realistic_vision,0.28,0.309,0.2488,0.2484,0.2727,0.3079,0.11142857142857154,0.1961165048543689,0.026071428571428672,0.0035598705501617795
169,scores\realistic_vision,0.286,0.312,0.258,0.2542,0.2705,0.2937,0.0979020979020978,0.18525641025641032,0.054195804195804054,0.0586538461538461
170,scores\realistic_vision,0.2966,0.3303,0.2585,0.2668,0.2751,0.3125,0.1284558327714092,0.1922494701786255,0.07248819959541458,0.05389040266424457
171,scores\realistic_vision,0.2957,0.318,0.2598,0.2676,0.2793,0.3013,0.12140683124788651,0.15849056603773584,0.055461616503212796,0.052515723270440226
172,scores\realistic_vision,0.2803,0.305,0.251,0.2625,0.2676,0.2915,0.10453085979307881,0.1393442622950819,0.045308597930788404,0.04426229508196725
173,scores\realistic_vision,0.296,0.334,0.2522,0.2607,0.2754,0.314,0.147972972972973,0.21946107784431146,0.06959459459459462,0.05988023952095813
174,scores\realistic_vision,0.2866,0.318,0.2585,0.2676,0.274,0.31,0.09804605722260995,0.15849056603773584,0.043963712491277035,0.025157232704402538
175,scores\realistic_vision,0.2935,0.328,0.2576,0.2656,0.2766,0.3083,0.12231686541737645,0.19024390243902442,0.0575809199318568,0.06006097560975608
176,scores\realistic_vision,0.2769,0.2566,0.2455,0.1997,0.263,0.2379,0.11339833875045137,0.22174590802805927,0.05019862766341628,0.07287607170693684
177,scores\realistic_vision,0.268,0.2429,0.2423,0.2029,0.261,0.2295,0.0958955223880598,0.1646768217373405,0.02611940298507465,0.055166735282009036
178,scores\realistic_vision,0.2808,0.2732,0.2502,0.2301,0.272,0.2654,0.10897435897435903,0.15775988286969253,0.03133903133903125,0.028550512445095072
179,scores\realistic_vision,0.2673,0.2458,0.2411,0.2076,0.256,0.2273,0.09801720912832014,0.15541090317331158,0.042274597830153304,0.07526444263628962
180,scores\realistic_vision,0.2727,0.2522,0.2485,0.2103,0.2627,0.2374,0.08874220755408874,0.16613798572561458,0.0366703337000367,0.058683584456780256
181,scores\realistic_vision,0.268,0.25,0.2422,0.2092,0.263,0.2384,0.09626865671641797,0.1632,0.018656716417910463,0.0464
182,scores\realistic_vision,0.2715,0.2476,0.1948,0.167,0.2428,0.2246,0.2825046040515654,0.32552504038772206,0.10570902394106825,0.09289176090468496
183,scores\realistic_vision,0.2747,0.253,0.245,0.2181,0.2615,0.2345,0.10811794685111031,0.13794466403162062,0.04805242082271565,0.07312252964426884
184,scores\realistic_vision,0.3196,0.3555,0.2761,0.2964,0.298,0.342,0.13610763454317892,0.1662447257383966,0.06758448060075097,0.037974683544303674
185,scores\realistic_vision,0.3057,0.346,0.279,0.3262,0.2908,0.3489,0.0873405299313052,0.05722543352601152,0.0487405953549232,-0.008381502890173451
186,scores\realistic_vision,0.3083,0.3228,0.268,0.2676,0.2903,0.3171,0.13071683425235162,0.17100371747211887,0.0583846902367824,0.01765799256505571
187,scores\realistic_vision,0.304,0.3428,0.2764,0.3125,0.291,0.335,0.09078947368421057,0.08838973162193697,0.04276315789473688,0.022753792298716376
188,scores\realistic_vision,0.3003,0.3364,0.2617,0.2732,0.281,0.3252,0.1285381285381286,0.18787158145065394,0.06426906426906422,0.033293697978596874
189,scores\realistic_vision,0.299,0.3384,0.269,0.2986,0.2856,0.3296,0.10033444816053502,0.11761229314420805,0.044816053511705575,0.026004728132387633
190,scores\realistic_vision,0.304,0.3362,0.2627,0.2734,0.2888,0.3237,0.13585526315789476,0.18679357525282578,0.049999999999999975,0.03718024985127903
191,scores\realistic_vision,0.3062,0.3364,0.2761,0.3079,0.2927,0.3418,0.09830176355323322,0.08472057074910812,0.04408883082952322,-0.01605231866825213
192,scores\realistic_vision,0.284,0.332,0.2496,0.276,0.2666,0.3208,0.12112676056338025,0.16867469879518068,0.06126760563380272,0.03373493975903627
193,scores\realistic_vision,0.2896,0.335,0.2566,0.3018,0.277,0.3264,0.11395027624309402,0.09910447761194031,0.04350828729281768,0.025671641791044763
194,scores\realistic_vision,0.288,0.3425,0.2678,0.3347,0.273,0.3396,0.07013888888888888,0.02277372262773731,0.05208333333333319,0.008467153284671573
195,scores\realistic_vision,0.2957,0.3262,0.2544,0.281,0.2747,0.3032,0.13966858302333446,0.1385652973635805,0.07101792357118707,0.07050889025137942
196,scores\realistic_vision,0.2856,0.3179,0.255,0.2793,0.269,0.3137,0.10714285714285719,0.12142183076439138,0.0581232492997199,0.013211701793016787
197,scores\realistic_vision,0.2969,0.3398,0.2598,0.3108,0.2866,0.3367,0.12495789828224999,0.085344320188346,0.034691815426069306,0.009123013537374903
198,scores\realistic_vision,0.2917,0.346,0.2588,0.3132,0.278,0.336,0.11278711004456647,0.09479768786127167,0.0469660610215975,0.02890173410404611
199,scores\realistic_vision,0.2842,0.3152,0.2482,0.2578,0.2678,0.3115,0.1266713581984518,0.1821065989847716,0.057705840957072575,0.011738578680202987
200,scores\realistic_vision,0.3008,0.324,0.2617,0.276,0.2905,0.3235,0.12998670212765964,0.1481481481481481,0.03424202127659585,0.001543209876543211
201,scores\realistic_vision,0.2961,0.3064,0.258,0.2476,0.2805,0.2927,0.12867274569402218,0.19190600522193219,0.052684903748733365,0.04471279373368143
202,scores\realistic_vision,0.287,0.292,0.2551,0.244,0.2754,0.2778,0.11114982578397208,0.16438356164383558,0.04041811846689895,0.04863013698630134
203,scores\realistic_vision,0.2954,0.3027,0.2593,0.2471,0.28,0.28,0.12220717670954645,0.18368021143045932,0.05213270142180085,0.07499174099768746
204,scores\realistic_vision,0.2986,0.324,0.2598,0.266,0.2876,0.305,0.12993971868720697,0.17901234567901234,0.03683858004018739,0.05864197530864203
205,scores\realistic_vision,0.286,0.2805,0.2546,0.2316,0.2773,0.2717,0.10979020979020974,0.1743315508021391,0.030419580419580372,0.03137254901960795
206,scores\realistic_vision,0.2852,0.2642,0.2465,0.2118,0.273,0.2556,0.1356942496493689,0.19833459500378503,0.04277699859747541,0.03255109765329295
207,scores\realistic_vision,0.2922,0.2766,0.2542,0.2358,0.2805,0.2764,0.13004791238877492,0.14750542299349242,0.04004106776180694,0.0007230657989878289
208,scores\realistic_vision,0.311,0.382,0.273,0.301,0.2883,0.3567,0.1221864951768488,0.21204188481675396,0.07299035369774919,0.06623036649214657
209,scores\realistic_vision,0.3025,0.3474,0.2695,0.2725,0.2854,0.3198,0.109090909090909,0.21560161197466887,0.056528925619834726,0.07944732297063907
210,scores\realistic_vision,0.3271,0.388,0.286,0.334,0.3003,0.3794,0.125649648425558,0.13917525773195874,0.0819321308468358,0.022164948453608238
211,scores\realistic_vision,0.3188,0.3684,0.2847,0.3374,0.2976,0.3696,0.10696361355081545,0.08414766558089042,0.06649937264742785,-0.0032573289902279555
212,scores\realistic_vision,0.304,0.3489,0.2632,0.2456,0.2812,0.3113,0.13421052631578947,0.2960733734594439,0.07499999999999996,0.10776726855832608
213,scores\realistic_vision,0.3083,0.351,0.2715,0.305,0.2874,0.3398,0.11936425559519948,0.13105413105413102,0.06779111255270849,0.031908831908831876
214,scores\realistic_vision,0.3113,0.346,0.2612,0.2421,0.2876,0.3381,0.16093800192740132,0.3002890173410404,0.07613234821715387,0.022832369942196427
215,scores\realistic_vision,0.3032,0.34,0.2625,0.2439,0.2832,0.3115,0.13423482849604226,0.2826470588235295,0.06596306068601589,0.08382352941176477
216,scores\realistic_vision,0.2598,0.2439,0.2316,0.1862,0.2474,0.2261,0.10854503464203225,0.23657236572365722,0.04772902232486516,0.07298072980729811
217,scores\realistic_vision,0.256,0.2388,0.231,0.1841,0.2435,0.2081,0.09765624999999997,0.2290619765494137,0.04882812500000004,0.12855946398659968
218,scores\realistic_vision,0.2437,0.2097,0.2219,0.1587,0.2377,0.1908,0.08945424702503084,0.24320457796852643,0.024620434961017665,0.09012875536480687
219,scores\realistic_vision,0.2527,0.2417,0.2297,0.1825,0.2448,0.2207,0.09101701622477243,0.24493173355399256,0.03126236644242181,0.08688456764584192
220,scores\realistic_vision,0.2554,0.2449,0.227,0.188,0.2437,0.2164,0.1111981205951449,0.23233973050224582,0.04581049334377453,0.11637403021641485
221,scores\realistic_vision,0.2467,0.211,0.2169,0.1597,0.2406,0.194,0.12079448723145518,0.24312796208530799,0.02472638832590188,0.08056872037914686
222,scores\realistic_vision,0.2505,0.2263,0.2223,0.1602,0.2435,0.1971,0.1125748502994012,0.29209014582412723,0.02794411177644713,0.12903225806451615
223,scores\realistic_vision,0.2568,0.2502,0.2332,0.1876,0.2467,0.2256,0.09190031152647969,0.25019984012789764,0.03933021806853571,0.09832134292565942
224,scores\realistic_vision,0.3008,0.3152,0.2793,0.3018,0.2944,0.3298,0.0714760638297873,0.04251269035532985,0.021276595744680906,-0.04631979695431473
225,scores\realistic_vision,0.2932,0.3098,0.281,0.286,0.2927,0.3064,0.04160982264665753,0.0768237572627503,0.0017053206002728527,0.01097482246610721
226,scores\realistic_vision,0.308,0.3455,0.2812,0.3225,0.293,0.3447,0.08701298701298699,0.06657018813314028,0.048701298701298745,0.0023154848046308754
227,scores\realistic_vision,0.2969,0.3296,0.2905,0.3145,0.2993,0.3335,0.021556079488043167,0.04581310679611651,-0.008083529808016212,-0.011832524271844704
228,scores\realistic_vision,0.3,0.31,0.2837,0.2944,0.293,0.3186,0.054333333333333275,0.0503225806451613,0.023333333333333355,-0.027741935483870956
229,scores\realistic_vision,0.3057,0.3467,0.2822,0.319,0.3013,0.3528,0.07687275106313385,0.07989616383040093,0.014393195943735736,-0.0175944620709547
230,scores\realistic_vision,0.311,0.343,0.2776,0.315,0.3047,0.345,0.1073954983922829,0.08163265306122455,0.020257234726688014,-0.0058309037900873065
231,scores\realistic_vision,0.303,0.3276,0.2827,0.3176,0.2974,0.3384,0.06699669966996695,0.030525030525030552,0.01848184818481846,-0.03296703296703289
232,scores\realistic_vision,0.3154,0.3672,0.2756,0.3184,0.293,0.3594,0.12618896639188332,0.1328976034858388,0.07102092580849724,0.021241830065359554
233,scores\realistic_vision,0.304,0.3428,0.273,0.306,0.2834,0.3323,0.10197368421052623,0.1073512252042007,0.06776315789473687,0.030630105017502945
234,scores\realistic_vision,0.308,0.3547,0.281,0.3281,0.293,0.34,0.08766233766233757,0.07499295179024532,0.048701298701298745,0.0414434733577671
235,scores\realistic_vision,0.3184,0.3613,0.28,0.3257,0.309,0.3618,0.12060301507537685,0.09853307500691952,0.02952261306532669,-0.0013838915029061732
236,scores\realistic_vision,0.308,0.3389,0.2727,0.305,0.2834,0.3237,0.1146103896103896,0.10002950722927113,0.07987012987012991,0.04485098849218056
237,scores\realistic_vision,0.312,0.3718,0.2817,0.338,0.296,0.3586,0.09711538461538459,0.0909090909090909,0.05128205128205133,0.035502958579881776
238,scores\realistic_vision,0.2966,0.3289,0.2598,0.2656,0.2769,0.309,0.12407282535401215,0.1924597141988447,0.06641942009440323,0.060504712678625804
239,scores\realistic_vision,0.3176,0.3662,0.2778,0.3223,0.2986,0.3608,0.1253148614609572,0.11987984707809952,0.059823677581864035,0.014746040415073772
240,scores\openjourney,0.3057,0.2957,0.274,0.258,0.2852,0.2761,0.10369643441282304,0.12749408183970243,0.06705920837422315,0.0662833953331079
241,scores\openjourney,0.3018,0.285,0.2625,0.2119,0.2815,0.2479,0.13021868787276342,0.2564912280701754,0.06726308813783977,0.1301754385964911
242,scores\openjourney,0.28,0.2329,0.2316,0.1609,0.2644,0.2094,0.17285714285714293,0.30914555603263205,0.055714285714285716,0.10090167453842848
243,scores\openjourney,0.288,0.2632,0.2568,0.2094,0.2742,0.2324,0.10833333333333336,0.2044072948328267,0.0479166666666666,0.11702127659574467
244,scores\openjourney,0.2922,0.2673,0.2588,0.1987,0.2769,0.237,0.11430527036276536,0.2566404788627011,0.052361396303901554,0.11335578002244667
245,scores\openjourney,0.2744,0.2256,0.2368,0.1643,0.2568,0.1945,0.13702623906705527,0.27171985815602834,0.06413994169096213,0.13785460992907797
246,scores\openjourney,0.271,0.2274,0.2408,0.1882,0.2603,0.2083,0.11143911439114403,0.17238346525945464,0.03948339483394849,0.0839929639401934
247,scores\openjourney,0.274,0.2089,0.2498,0.1818,0.261,0.1877,0.08832116788321177,0.1297271421732887,0.047445255474452594,0.10148396361895642
248,scores\openjourney,0.2766,0.2559,0.2432,0.2091,0.2559,0.2258,0.12075198843094725,0.18288393903868702,0.07483731019522775,0.1176240719030872
249,scores\openjourney,0.2722,0.2588,0.2334,0.2043,0.2524,0.223,0.14254224834680382,0.2105873261205563,0.07274063188831735,0.1383307573415764
250,scores\openjourney,0.2966,0.3015,0.2566,0.2303,0.276,0.283,0.13486176668914357,0.23615257048092864,0.06945380984490881,0.06135986733001664
251,scores\openjourney,0.288,0.2896,0.2595,0.2455,0.2732,0.2664,0.09895833333333323,0.15227900552486195,0.051388888888888824,0.08011049723756905
252,scores\openjourney,0.2783,0.2695,0.2456,0.2125,0.2634,0.2433,0.11749910168882494,0.21150278293135444,0.053539346029464495,0.09721706864564017
253,scores\openjourney,0.2722,0.265,0.2418,0.221,0.258,0.2384,0.11168258633357829,0.16603773584905665,0.052167523879500334,0.10037735849056607
254,scores\openjourney,0.2698,0.2712,0.2318,0.2161,0.26,0.252,0.14084507042253513,0.20317109144542778,0.03632320237212741,0.07079646017699114
255,scores\openjourney,0.2756,0.2617,0.2439,0.2021,0.2576,0.2295,0.11502177068214806,0.22774168895682073,0.06531204644412197,0.12304165074512793
256,scores\openjourney,0.281,0.282,0.244,0.2292,0.266,0.2573,0.1316725978647688,0.18723404255319145,0.05338078291814951,0.0875886524822695
257,scores\openjourney,0.298,0.3127,0.2742,0.2544,0.283,0.2915,0.0798657718120805,0.1864406779661016,0.0503355704697987,0.06779661016949153
258,scores\openjourney,0.291,0.303,0.2534,0.243,0.2751,0.2803,0.12920962199312705,0.19801980198019803,0.054639175257731855,0.07491749174917492
259,scores\openjourney,0.281,0.2964,0.251,0.2275,0.268,0.264,0.10676156583629902,0.23245614035087717,0.046263345195729576,0.10931174089068821
260,scores\openjourney,0.2927,0.3093,0.2542,0.252,0.277,0.2896,0.13153399385035883,0.1852570320077595,0.053638537751964435,0.0636922082120918
261,scores\openjourney,0.2935,0.2932,0.2603,0.2389,0.2751,0.2646,0.11311754684838163,0.18519781718963169,0.0626916524701873,0.09754433833560713
262,scores\openjourney,0.299,0.313,0.2637,0.2695,0.286,0.298,0.11806020066889632,0.13897763578274755,0.04347826086956526,0.04792332268370611
263,scores\openjourney,0.2854,0.2793,0.257,0.2291,0.2734,0.26,0.09950946040644702,0.17973505191550304,0.0420462508759636,0.06910132474042242
264,scores\openjourney,0.302,0.3315,0.2764,0.2952,0.289,0.327,0.08476821192052984,0.1095022624434389,0.04304635761589408,0.013574660633484174
265,scores\openjourney,0.271,0.2805,0.2502,0.2502,0.259,0.2603,0.07675276752767542,0.10802139037433171,0.04428044280442808,0.07201426024955454
266,scores\openjourney,0.3,0.3137,0.2708,0.2788,0.2837,0.3064,0.09733333333333336,0.11125278928912971,0.054333333333333275,0.023270640739560006
267,scores\openjourney,0.3054,0.321,0.2776,0.2905,0.2913,0.313,0.09102815979043874,0.09501557632398762,0.04616895874263262,0.024922118380062325
268,scores\openjourney,0.3035,0.3362,0.2693,0.2869,0.289,0.3262,0.11268533772652392,0.1466389054134444,0.04777594728171339,0.029744199881023226
269,scores\openjourney,0.3086,0.3403,0.2666,0.2954,0.2876,0.3289,0.13609850939727797,0.131942403761387,0.0680492546986389,0.03349985307081976
270,scores\openjourney,0.2883,0.2998,0.266,0.2615,0.2788,0.2834,0.07734998265695452,0.1277518345563709,0.032951786333680226,0.05470313542361583
271,scores\openjourney,0.289,0.2937,0.2595,0.243,0.2732,0.2715,0.10207612456747396,0.17262512768130753,0.054671280276816545,0.07558733401430029
272,scores\openjourney,0.2844,0.3286,0.2546,0.2798,0.2686,0.3088,0.10478199718706047,0.14850882531953746,0.05555555555555549,0.06025562994522211
273,scores\openjourney,0.2922,0.335,0.253,0.259,0.2712,0.3083,0.134154688569473,0.22686567164179106,0.07186858316221773,0.07970149253731343
274,scores\openjourney,0.285,0.3406,0.2559,0.2764,0.2732,0.3235,0.1021052631578946,0.18849089841456262,0.04140350877192975,0.050205519671168534
275,scores\openjourney,0.284,0.3152,0.2488,0.251,0.2659,0.2854,0.12394366197183093,0.20368020304568524,0.06373239436619701,0.0945431472081218
276,scores\openjourney,0.2744,0.2983,0.2454,0.2405,0.263,0.2842,0.10568513119533518,0.19376466644317805,0.04154518950437305,0.04726785115655381
277,scores\openjourney,0.288,0.3452,0.2646,0.3042,0.278,0.3296,0.08124999999999992,0.11877172653534178,0.034722222222222064,0.045191193511008115
278,scores\openjourney,0.275,0.2979,0.2449,0.2394,0.2546,0.259,0.1094545454545455,0.19637462235649547,0.07418181818181828,0.13058073178919097
279,scores\openjourney,0.2812,0.3198,0.2517,0.2666,0.2676,0.3115,0.10490753911806552,0.16635397123201992,0.04836415362731152,0.025953721075672218
280,scores\openjourney,0.2925,0.3152,0.254,0.2491,0.2769,0.2844,0.13162393162393157,0.20970812182741116,0.053333333333333344,0.09771573604060912
281,scores\openjourney,0.299,0.3167,0.249,0.216,0.274,0.266,0.1672240802675585,0.3179665298389643,0.08361204013377915,0.1600884117461319
282,scores\openjourney,0.2922,0.2776,0.238,0.1816,0.2742,0.2443,0.18548939082819993,0.345821325648415,0.06160164271047233,0.11995677233429403
283,scores\openjourney,0.3013,0.3057,0.2764,0.2607,0.2847,0.2793,0.08264188516428819,0.14720314033366058,0.0550945901095254,0.08635917566241423
284,scores\openjourney,0.291,0.3179,0.2527,0.2468,0.277,0.289,0.1316151202749141,0.223655237496068,0.04810996563573869,0.09090909090909102
285,scores\openjourney,0.2668,0.2231,0.234,0.1749,0.2517,0.2008,0.12293853073463257,0.21604661586732404,0.05659670164917543,0.09995517705064988
286,scores\openjourney,0.2864,0.252,0.2405,0.195,0.2676,0.2325,0.16026536312849163,0.22619047619047616,0.0656424581005586,0.07738095238095234
287,scores\openjourney,0.285,0.2637,0.257,0.2186,0.2744,0.248,0.09824561403508762,0.17102768297307547,0.03719298245614035,0.059537353052711385
288,scores\openjourney,0.3052,0.337,0.2642,0.2568,0.283,0.2998,0.134338138925295,0.23798219584569746,0.07273918741808667,0.1103857566765579
289,scores\openjourney,0.3062,0.3176,0.2668,0.2488,0.286,0.2927,0.12867406923579375,0.21662468513853905,0.06596995427824967,0.07840050377833746
290,scores\openjourney,0.3015,0.318,0.2603,0.2283,0.278,0.2808,0.13665008291873967,0.2820754716981132,0.07794361525704797,0.11698113207547173
291,scores\openjourney,0.2986,0.3367,0.27,0.2646,0.282,0.3022,0.09578030810448748,0.21413721413721412,0.055592766242464856,0.10246510246510239
292,scores\openjourney,0.3013,0.3218,0.2622,0.2307,0.2825,0.2898,0.1297709923664123,0.28309509011808576,0.06239628277464334,0.09944064636420129
293,scores\openjourney,0.2966,0.3218,0.275,0.2788,0.2852,0.3042,0.07282535401213741,0.13362336855189555,0.03843560350640582,0.0546923555003106
294,scores\openjourney,0.3035,0.3298,0.2766,0.267,0.2876,0.304,0.08863261943986814,0.19041843541540318,0.05238879736408557,0.07822922983626437
295,scores\openjourney,0.2903,0.3193,0.2673,0.2515,0.2754,0.2896,0.07922838442990017,0.21233949264015026,0.05132621426110928,0.09301597243971171
296,scores\openjourney,0.2554,0.2161,0.2346,0.1888,0.2434,0.2081,0.0814408770555991,0.12633040259139283,0.046985121378230264,0.03701989819527987
297,scores\openjourney,0.2644,0.2522,0.236,0.2104,0.2532,0.2349,0.10741301059001526,0.16574147501982545,0.04236006051437232,0.06859635210150668
298,scores\openjourney,0.2607,0.2186,0.2356,0.181,0.2451,0.2001,0.0962792481779823,0.17200365965233302,0.05983889528193316,0.08462946020128083
299,scores\openjourney,0.2515,0.2192,0.2272,0.1785,0.2412,0.2008,0.09662027833001983,0.18567518248175188,0.04095427435387675,0.08394160583941605
300,scores\openjourney,0.2542,0.2396,0.234,0.2023,0.247,0.2261,0.07946498819826896,0.1556761268781302,0.02832415420928397,0.056343906510851464
301,scores\openjourney,0.2563,0.2341,0.2328,0.1902,0.2433,0.2062,0.09168942645337483,0.18752669799231095,0.050721810378462684,0.11917983767620678
302,scores\openjourney,0.2573,0.2292,0.2327,0.1849,0.25,0.2203,0.09560823940924984,0.19328097731239083,0.02837155071900495,0.038830715532286175
303,scores\openjourney,0.2449,0.1973,0.2196,0.1465,0.2346,0.1719,0.10330747243772975,0.257475924987329,0.04205798285014293,0.1287379624936645
304,scores\openjourney,0.2961,0.2852,0.2769,0.2627,0.2952,0.275,0.06484295845997973,0.07889200561009825,0.003039513677811403,0.03576437587657779
305,scores\openjourney,0.2537,0.1874,0.2336,0.1642,0.2443,0.1827,0.07922743397713827,0.12379935965848451,0.037051635790303475,0.025080042689434416
306,scores\openjourney,0.2905,0.2761,0.2708,0.2532,0.2837,0.2817,0.06781411359724611,0.08294096341905118,0.023407917383820906,-0.02028250633828321
307,scores\openjourney,0.2703,0.2065,0.2483,0.1925,0.2637,0.2089,0.08139104698483164,0.06779661016949146,0.024417314095449484,-0.011622276029055755
308,scores\openjourney,0.2683,0.2305,0.2517,0.2072,0.2578,0.2164,0.06187103988073054,0.10108459869848162,0.039135296310100674,0.06117136659436009
309,scores\openjourney,0.2905,0.2708,0.2722,0.2512,0.283,0.2747,0.06299483648881234,0.07237813884785822,0.02581755593803789,-0.01440177252584939
310,scores\openjourney,0.3013,0.3083,0.2888,0.2976,0.294,0.309,0.041486890142714936,0.03470645475186521,0.024228343843345598,-0.002270515731430355
311,scores\openjourney,0.2698,0.2186,0.2598,0.2128,0.2656,0.2231,0.03706449221645667,0.026532479414455627,0.015567086730911719,-0.020585544373284557
312,scores\openjourney,0.285,0.3015,0.2637,0.2686,0.275,0.2786,0.07473684210526312,0.10912106135986728,0.03508771929824545,0.07595356550580423
313,scores\openjourney,0.2893,0.3,0.266,0.2712,0.2766,0.292,0.08053923263048735,0.09599999999999997,0.04389906671275489,0.026666666666666693
314,scores\openjourney,0.2864,0.2998,0.258,0.2576,0.2708,0.2761,0.0991620111731843,0.14076050700466983,0.05446927374301677,0.07905270180120079
315,scores\openjourney,0.297,0.3198,0.2637,0.2603,0.2747,0.2844,0.11212121212121211,0.18605378361475924,0.07508417508417504,0.11069418386491554
316,scores\openjourney,0.3103,0.3494,0.2886,0.3333,0.296,0.3372,0.06993232355784723,0.04607899255867202,0.046084434418304975,0.03491700057240981
317,scores\openjourney,0.2964,0.316,0.2708,0.2793,0.284,0.2988,0.08636977058029693,0.11613924050632915,0.041835357624831385,0.05443037974683542
318,scores\openjourney,0.2734,0.2311,0.2388,0.1741,0.2544,0.2137,0.12655449890270654,0.24664647338814363,0.06949524506217981,0.0752920813500649
319,scores\openjourney,0.3137,0.329,0.2744,0.2954,0.2888,0.312,0.12527892891297418,0.10212765957446814,0.07937519923493777,0.051671732522796394
320,scores\sd_v1_5,0.3125,0.3184,0.2732,0.2603,0.2874,0.2886,0.12576,0.1824748743718594,0.08032000000000003,0.09359296482412058
321,scores\sd_v1_5,0.2996,0.2883,0.266,0.2272,0.2852,0.2725,0.11214953271028026,0.21193201526187994,0.048064085447262914,0.05480402358654173
322,scores\sd_v1_5,0.2751,0.2225,0.2441,0.1842,0.2615,0.203,0.11268629589240275,0.17213483146067415,0.04943656852053799,0.0876404494382022
323,scores\sd_v1_5,0.2769,0.2299,0.2482,0.1742,0.263,0.2013,0.10364752618273737,0.24227925184862983,0.05019862766341628,0.12440191387559803
324,scores\sd_v1_5,0.2666,0.1925,0.214,0.1263,0.2444,0.1636,0.19729932483120782,0.3438961038961039,0.0832708177044261,0.15012987012987017
325,scores\sd_v1_5,0.2769,0.2279,0.2311,0.1422,0.2534,0.1813,0.1654026724449259,0.3760421237384818,0.08486818345973264,0.20447564721369024
326,scores\sd_v1_5,0.2695,0.2114,0.2471,0.1908,0.2573,0.1978,0.08311688311688323,0.09744560075685907,0.04526901669758829,0.06433301797540208
327,scores\sd_v1_5,0.305,0.267,0.2676,0.2064,0.287,0.2465,0.1226229508196721,0.2269662921348315,0.059016393442623,0.07677902621722853
328,scores\sd_v1_5,0.2695,0.2537,0.2435,0.2085,0.2566,0.2249,0.09647495361781085,0.17816318486401259,0.0478664192949908,0.11351990540007881
329,scores\sd_v1_5,0.2793,0.2683,0.258,0.2328,0.2705,0.2634,0.07626208378088073,0.13231457323891158,0.03150733977801638,0.018263138278046813
330,scores\sd_v1_5,0.2769,0.2578,0.2505,0.208,0.2615,0.2336,0.09534127843986992,0.19317300232738552,0.05561574575659072,0.0938712179984483
331,scores\sd_v1_5,0.2761,0.2603,0.2522,0.2291,0.2617,0.244,0.08656283955088748,0.11986169804072216,0.05215501629844268,0.06262005378409521
332,scores\sd_v1_5,0.286,0.2847,0.259,0.2396,0.2708,0.2598,0.0944055944055943,0.15841236389181595,0.05314685314685312,0.0874604847207588
333,scores\sd_v1_5,0.2659,0.2345,0.2363,0.1893,0.2522,0.2072,0.11132004512974807,0.19275053304904047,0.051523128995863275,0.11641791044776116
334,scores\sd_v1_5,0.2544,0.203,0.2264,0.1653,0.2439,0.1904,0.11006289308176109,0.18571428571428575,0.04127358490566041,0.06206896551724138
335,scores\sd_v1_5,0.2708,0.252,0.238,0.2037,0.2556,0.2325,0.12112259970457902,0.1916666666666667,0.056129985228951226,0.07738095238095234
336,scores\sd_v1_5,0.2622,0.22,0.2079,0.1593,0.236,0.1879,0.20709382151029745,0.27590909090909094,0.09992372234935165,0.14590909090909085
337,scores\sd_v1_5,0.2932,0.2827,0.2507,0.221,0.2695,0.2576,0.14495225102319248,0.2182525645560665,0.08083219645293314,0.08878669968164135
338,scores\sd_v1_5,0.2817,0.2808,0.2534,0.2252,0.269,0.2524,0.10046148384806529,0.19800569800569795,0.04508342208022715,0.10113960113960108
339,scores\sd_v1_5,0.2861,0.2952,0.2532,0.2498,0.2725,0.2805,0.1149947570779449,0.15379403794037946,0.04753582663404404,0.04979674796747964
340,scores\sd_v1_5,0.2854,0.2788,0.2198,0.1935,0.2654,0.2507,0.2298528381219341,0.3059540889526542,0.07007708479327247,0.10078909612625543
341,scores\sd_v1_5,0.294,0.2947,0.2379,0.2001,0.2703,0.266,0.1908163265306122,0.32100441126569396,0.08061224489795918,0.09738717339667459
342,scores\sd_v1_5,0.258,0.2174,0.2241,0.1633,0.2473,0.1952,0.13139534883720935,0.2488500459981601,0.04147286821705432,0.10211591536338545
343,scores\sd_v1_5,0.2822,0.2686,0.2303,0.2047,0.2588,0.2377,0.18391211906449326,0.23790022338049147,0.08291991495393349,0.11504095309009683
344,scores\sd_v1_5,0.2556,0.2134,0.2328,0.178,0.2449,0.1998,0.08920187793427226,0.16588566073102162,0.04186228482003125,0.06373008434864105
345,scores\sd_v1_5,0.2952,0.328,0.2505,0.2487,0.2788,0.3064,0.15142276422764234,0.24176829268292685,0.055555555555555636,0.06585365853658538
346,scores\sd_v1_5,0.3025,0.3088,0.2664,0.2598,0.2854,0.287,0.1193388429752065,0.15867875647668406,0.056528925619834726,0.07059585492227992
347,scores\sd_v1_5,0.3027,0.317,0.2593,0.2461,0.2756,0.2825,0.14337628014535858,0.22365930599369083,0.08952758506772386,0.10883280757097802
348,scores\sd_v1_5,0.2903,0.283,0.255,0.2295,0.2717,0.2607,0.12159834653806406,0.18904593639575962,0.06407165001722358,0.07879858657243813
349,scores\sd_v1_5,0.3003,0.3047,0.2646,0.2583,0.2751,0.2632,0.11888111888111891,0.15228093206432572,0.08391608391608392,0.1361995405316706
350,scores\sd_v1_5,0.2659,0.236,0.2423,0.2042,0.252,0.2192,0.08875517111696139,0.1347457627118644,0.052275291462956085,0.07118644067796603
351,scores\sd_v1_5,0.2644,0.2401,0.2421,0.211,0.2517,0.2255,0.0843419062027232,0.12119950020824662,0.04803328290469003,0.06080799666805498
352,scores\sd_v1_5,0.2913,0.3284,0.2698,0.303,0.2793,0.326,0.07380707174733958,0.07734470158343493,0.04119464469618953,0.007308160779537189
353,scores\sd_v1_5,0.286,0.298,0.2534,0.2399,0.2708,0.2732,0.11398601398601386,0.1949664429530201,0.05314685314685312,0.08322147651006707
354,scores\sd_v1_5,0.2864,0.3076,0.261,0.2725,0.2725,0.298,0.08868715083798875,0.11410923276983084,0.048533519553072516,0.031209362808842647
355,scores\sd_v1_5,0.2864,0.3137,0.2659,0.2915,0.2737,0.304,0.07157821229050267,0.07076824992030602,0.04434357541899438,0.030921262352566106
356,scores\sd_v1_5,0.275,0.288,0.2488,0.2338,0.2732,0.2708,0.09527272727272737,0.18819444444444436,0.006545454545454631,0.059722222222222204
357,scores\sd_v1_5,0.2874,0.3267,0.261,0.2805,0.2825,0.3071,0.09185803757828803,0.1414141414141413,0.017049408489909587,0.05999387817569638
358,scores\sd_v1_5,0.2651,0.2563,0.2471,0.2229,0.2542,0.2422,0.06789890607318,0.130316035895435,0.041116559788759034,0.05501365587202487
359,scores\sd_v1_5,0.272,0.2783,0.2517,0.2386,0.2715,0.2668,0.07463235294117661,0.14265181458857343,0.0018382352941176486,0.04132231404958681
360,scores\sd_v1_5,0.2788,0.2467,0.2517,0.2101,0.2715,0.2435,0.09720229555236734,0.1483583299554114,0.026183644189382974,0.012971220105391198
361,scores\sd_v1_5,0.2769,0.2435,0.2423,0.1951,0.2617,0.2274,0.12495485734922353,0.19876796714579056,0.054893463344167545,0.06611909650924026
362,scores\sd_v1_5,0.2761,0.2274,0.2439,0.189,0.2551,0.205,0.1166244114451286,0.1688654353562005,0.07605939876856217,0.09850483729111699
363,scores\sd_v1_5,0.302,0.305,0.2698,0.24,0.2905,0.2837,0.10662251655629142,0.21311475409836067,0.03807947019867553,0.06983606557377045
364,scores\sd_v1_5,0.282,0.2438,0.2408,0.1826,0.2627,0.2155,0.1460992907801418,0.2510254306808859,0.06843971631205668,0.11607875307629202
365,scores\sd_v1_5,0.2693,0.2195,0.238,0.1794,0.2568,0.2095,0.1162272558484961,0.1826879271070615,0.046416635722242895,0.0455580865603645
366,scores\sd_v1_5,0.2874,0.2524,0.2441,0.1992,0.2666,0.2345,0.15066109951287396,0.21077654516640262,0.07237299930410573,0.07091917591125209
367,scores\sd_v1_5,0.2778,0.2416,0.2534,0.2034,0.2659,0.2285,0.08783297336213094,0.15811258278145698,0.04283657307415395,0.05422185430463576
368,scores\sd_v1_5,0.2935,0.3076,0.2563,0.2205,0.278,0.2705,0.1267461669505963,0.28315994798439525,0.05281090289608163,0.1206111833550064
369,scores\sd_v1_5,0.3008,0.2864,0.2708,0.2435,0.2861,0.282,0.09973404255319157,0.1497905027932961,0.048869680851063795,0.015363128491620165
370,scores\sd_v1_5,0.2834,0.2627,0.2325,0.1562,0.2656,0.2245,0.17960479887085384,0.4054054054054054,0.06280875088214533,0.1454130186524552
371,scores\sd_v1_5,0.2754,0.2551,0.2422,0.1692,0.257,0.2032,0.12055192447349304,0.33673069384555077,0.06681190994916475,0.2034496275970208
372,scores\sd_v1_5,0.3027,0.3113,0.2693,0.2346,0.2898,0.2825,0.11034027089527598,0.2463861227112111,0.04261645193260661,0.09251525859299725
373,scores\sd_v1_5,0.297,0.3025,0.2715,0.2491,0.285,0.2925,0.08585858585858575,0.17652892561983471,0.04040404040404044,0.03305785123966945
374,scores\sd_v1_5,0.303,0.342,0.2712,0.2605,0.2856,0.3008,0.10495049504950493,0.2383040935672515,0.05742574257425733,0.12046783625730997
375,scores\sd_v1_5,0.2778,0.2625,0.253,0.2136,0.2678,0.2478,0.08927285817134625,0.18628571428571428,0.0359971202303816,0.05600000000000007
376,scores\sd_v1_5,0.2471,0.2164,0.2275,0.1724,0.2406,0.1929,0.07932011331444751,0.20332717190388175,0.026305139619587123,0.10859519408502782
377,scores\sd_v1_5,0.2505,0.215,0.2284,0.175,0.2457,0.2031,0.0882235528942116,0.186046511627907,0.019161676646706583,0.055348837209302296
378,scores\sd_v1_5,0.2566,0.2286,0.2335,0.1823,0.25,0.2169,0.0900233826968043,0.2025371828521435,0.02572096648480123,0.051181102362204675
379,scores\sd_v1_5,0.2477,0.203,0.2212,0.1669,0.2367,0.1891,0.10698425514735566,0.17783251231527103,0.04440855874041183,0.06847290640394099
380,scores\sd_v1_5,0.2495,0.2302,0.2245,0.1819,0.2458,0.2119,0.10020040080160318,0.20981754995655943,0.01482965931863731,0.07949609035621193
381,scores\sd_v1_5,0.25,0.2217,0.2184,0.157,0.234,0.1896,0.12639999999999996,0.29183581416328375,0.06399999999999995,0.14479025710419494
382,scores\sd_v1_5,0.2583,0.2307,0.2389,0.1917,0.2551,0.2228,0.07510646535036769,0.1690507152145643,0.012388695315524511,0.03424360641525787
383,scores\sd_v1_5,0.2449,0.1897,0.2162,0.1398,0.2303,0.162,0.11719069007758269,0.26304691618344755,0.05961616986525113,0.14602003162888771
384,scores\sd_v1_5,0.2922,0.287,0.2776,0.2656,0.2903,0.2795,0.04996577686516085,0.0745644599303135,0.006502395619438784,0.0261324041811845
385,scores\sd_v1_5,0.2467,0.1796,0.2329,0.1649,0.2478,0.186,0.05593838670449942,0.08184855233853017,-0.004458856911228172,-0.03563474387527833
386,scores\sd_v1_5,0.2993,0.291,0.2754,0.259,0.2913,0.2827,0.07985299031072512,0.10996563573883153,0.02672903441363183,0.028522336769759363
387,scores\sd_v1_5,0.2612,0.2065,0.2413,0.1813,0.2563,0.1962,0.07618683001531394,0.12203389830508475,0.018759571209800978,0.049878934624697224
388,scores\sd_v1_5,0.2715,0.2522,0.253,0.2211,0.263,0.2316,0.06813996316758754,0.12331482950039648,0.03130755064456724,0.08168120539254553
389,scores\sd_v1_5,0.2803,0.252,0.2705,0.2385,0.2786,0.2487,0.034962540135568945,0.05357142857142862,0.006064930431680268,0.013095238095238085
390,scores\sd_v1_5,0.2886,0.272,0.2642,0.2396,0.2812,0.2537,0.08454608454608466,0.11911764705882356,0.0256410256410257,0.06727941176470602
391,scores\sd_v1_5,0.2644,0.2229,0.2445,0.1957,0.2634,0.2225,0.07526475037821492,0.12202781516375046,0.0037821482602118034,0.0017945266935844942
392,scores\sd_v1_5,0.2651,0.2056,0.2351,0.1538,0.2489,0.1743,0.11316484345529988,0.25194552529182884,0.06110901546586191,0.15223735408560307
393,scores\sd_v1_5,0.269,0.253,0.2499,0.2228,0.2598,0.2382,0.07100371747211898,0.11936758893280634,0.034200743494423945,0.05849802371541505
394,scores\sd_v1_5,0.2688,0.2278,0.2489,0.2036,0.2603,0.2233,0.074032738095238,0.10623353819139596,0.03162202380952384,0.019754170324846373
395,scores\sd_v1_5,0.2832,0.2634,0.2546,0.2202,0.2695,0.2484,0.1009887005649718,0.16400911161731213,0.04837570621468923,0.05694760820045563
396,scores\sd_v1_5,0.2634,0.2295,0.2405,0.1921,0.2527,0.2104,0.08694001518602897,0.16296296296296303,0.040622627182991804,0.08322440087145971
397,scores\sd_v1_5,0.2773,0.2566,0.2522,0.2148,0.2634,0.2461,0.0905156869816084,0.16289945440374126,0.05012621709340054,0.04091971940763828
398,scores\sd_v1_5,0.2737,0.2322,0.2345,0.182,0.2542,0.2085,0.14322250639386194,0.21619293712316967,0.07124588966021198,0.1020671834625323
399,scores\sd_v1_5,0.286,0.2932,0.2566,0.2477,0.2717,0.273,0.10279720279720274,0.1551841746248295,0.04999999999999993,0.06889495225102317
400,scores\sd_v2_1,0.29,0.291,0.2595,0.2434,0.2761,0.2651,0.10517241379310335,0.16357388316151195,0.04793103448275851,0.08900343642611677
401,scores\sd_v2_1,0.2974,0.2852,0.2534,0.2115,0.272,0.2412,0.14794889038332207,0.2584151472650772,0.08540685944855406,0.15427769985974757
402,scores\sd_v2_1,0.2783,0.2385,0.2524,0.1925,0.2698,0.2191,0.09306503772906928,0.19287211740041924,0.0305425799496946,0.08134171907756814
403,scores\sd_v2_1,0.2764,0.2183,0.2266,0.1539,0.2568,0.1842,0.18017366136034726,0.29500687127805764,0.07091172214182347,0.15620705451213923
404,scores\sd_v2_1,0.2922,0.2842,0.251,0.2223,0.2776,0.2489,0.14099931553730327,0.2178043631245602,0.04996577686516085,0.12420830401125967
405,scores\sd_v2_1,0.2825,0.2372,0.2341,0.158,0.2683,0.2096,0.1713274336283185,0.3338954468802698,0.05026548672566369,0.11635750421585155
406,scores\sd_v2_1,0.2761,0.2163,0.2443,0.1521,0.2615,0.1913,0.11517566099239414,0.2968099861303744,0.05287939152480985,0.11558021266759129
407,scores\sd_v2_1,0.2922,0.2751,0.2622,0.2296,0.2744,0.2404,0.10266940451745389,0.16539440203562344,0.060917180013689384,0.1261359505634315
408,scores\sd_v2_1,0.2903,0.298,0.2522,0.226,0.2668,0.258,0.13124354116431286,0.2416107382550335,0.08095074061315888,0.13422818791946303
409,scores\sd_v2_1,0.2795,0.2827,0.2472,0.2151,0.2617,0.251,0.11556350626118075,0.23912274495932082,0.06368515205724522,0.11213300318358686
410,scores\sd_v2_1,0.2783,0.2896,0.2471,0.2263,0.266,0.2686,0.11210923463887892,0.21857734806629842,0.044196909809557955,0.0725138121546962
411,scores\sd_v2_1,0.2864,0.3208,0.2576,0.2377,0.27,0.2817,0.10055865921787707,0.2590399002493765,0.05726256983240213,0.12188279301745628
412,scores\sd_v2_1,0.288,0.3071,0.2583,0.251,0.275,0.2869,0.10312500000000002,0.18267665255617058,0.04513888888888874,0.06577661999348745
413,scores\sd_v2_1,0.283,0.3054,0.2544,0.2438,0.2673,0.27,0.10106007067137796,0.20170268500327446,0.055477031802120116,0.11591355599214141
414,scores\sd_v2_1,0.2788,0.2625,0.2483,0.2008,0.2598,0.2263,0.10939741750358681,0.23504761904761906,0.06814921090387381,0.13790476190476195
415,scores\sd_v2_1,0.2812,0.2664,0.2316,0.1786,0.2568,0.2318,0.1763869132290185,0.3295795795795796,0.08677098150782372,0.12987987987987995
416,scores\sd_v2_1,0.2908,0.2761,0.2335,0.1703,0.2656,0.2302,0.19704264099037136,0.3831944947482796,0.08665749656121045,0.16624411445128584
417,scores\sd_v2_1,0.2617,0.2235,0.2262,0.1875,0.255,0.215,0.13565150936186465,0.16107382550335572,0.025601834161253282,0.038031319910514574
418,scores\sd_v2_1,0.3098,0.3298,0.2532,0.2422,0.284,0.3088,0.18269851517107824,0.26561552456033954,0.08327953518398981,0.06367495451788951
419,scores\sd_v2_1,0.2935,0.3079,0.2498,0.2389,0.271,0.278,0.14889267461669503,0.2240987333549854,0.07666098807495729,0.0971094511204936
420,scores\sd_v2_1,0.301,0.3223,0.2482,0.2235,0.2795,0.2996,0.17541528239202653,0.3065466956251939,0.07142857142857131,0.07043127520943221
421,scores\sd_v2_1,0.2957,0.3152,0.2489,0.2384,0.2742,0.2888,0.15826851538721678,0.24365482233502533,0.0727088265133582,0.0837563451776649
422,scores\sd_v2_1,0.2864,0.2805,0.2375,0.1877,0.2651,0.255,0.17074022346368714,0.3308377896613191,0.07437150837988822,0.09090909090909098
423,scores\sd_v2_1,0.2827,0.2751,0.2211,0.1764,0.2485,0.2131,0.21789883268482496,0.3587786259541985,0.12097629996462683,0.2253725917848055
424,scores\sd_v2_1,0.288,0.293,0.2622,0.2559,0.2732,0.2798,0.0895833333333333,0.1266211604095562,0.051388888888888824,0.04505119453924911
425,scores\sd_v2_1,0.2766,0.2424,0.2454,0.2046,0.26,0.2313,0.11279826464208244,0.15594059405940594,0.06001446131597976,0.045792079207920784
426,scores\sd_v2_1,0.2944,0.2979,0.2627,0.2576,0.277,0.285,0.10767663043478264,0.13528029540114134,0.05910326086956512,0.043303121852970874
427,scores\sd_v2_1,0.2856,0.2769,0.2467,0.2246,0.273,0.2576,0.13620448179271713,0.1888768508486818,0.044117647058823525,0.0697002527988443
428,scores\sd_v2_1,0.287,0.274,0.258,0.2289,0.2727,0.2632,0.10104529616724729,0.1645985401459855,0.049825783972125365,0.039416058394160694
429,scores\sd_v2_1,0.2751,0.2634,0.2429,0.2002,0.2605,0.235,0.11704834605597966,0.23993925588458628,0.053071610323518724,0.10782080485952936
430,scores\sd_v2_1,0.258,0.2233,0.2299,0.1719,0.2465,0.199,0.1089147286821706,0.23018360949395433,0.04457364341085275,0.10882221227048808
431,scores\sd_v2_1,0.2754,0.2451,0.2389,0.1854,0.2566,0.2206,0.13253449527959324,0.24357405140758873,0.06826434277414664,0.09995920032639748
432,scores\sd_v2_1,0.2666,0.2432,0.2299,0.1853,0.2443,0.2097,0.13765941485371347,0.23807565789473686,0.08364591147786953,0.1377467105263158
433,scores\sd_v2_1,0.2783,0.2998,0.2559,0.2659,0.2698,0.2886,0.08048868127919502,0.11307538358905932,0.0305425799496946,0.03735823882588388
434,scores\sd_v2_1,0.2832,0.3013,0.2542,0.2507,0.2666,0.2773,0.10240112994350291,0.16793893129771004,0.058615819209039556,0.07965482907401268
435,scores\sd_v2_1,0.2732,0.2656,0.2434,0.208,0.2583,0.2411,0.1090775988286969,0.2168674698795181,0.054538799414348554,0.09224397590361444
436,scores\sd_v2_1,0.2654,0.259,0.2384,0.2084,0.2522,0.2365,0.10173323285606639,0.19536679536679538,0.04973624717407703,0.08687258687258695
437,scores\sd_v2_1,0.2744,0.2769,0.2384,0.2083,0.2524,0.2502,0.13119533527696786,0.2477428674611772,0.0801749271137025,0.09642470205850488
438,scores\sd_v2_1,0.2783,0.2686,0.2451,0.2131,0.2603,0.2546,0.11929572403880698,0.20662695457930005,0.06467840459935327,0.05212211466865232
439,scores\sd_v2_1,0.2837,0.3032,0.259,0.272,0.27,0.2954,0.08706379978850899,0.1029023746701847,0.04829044765597459,0.02572559366754627
440,scores\sd_v2_1,0.2952,0.2964,0.2566,0.2357,0.2761,0.2756,0.13075880758807595,0.20479082321187586,0.06470189701897021,0.07017543859649118
441,scores\sd_v2_1,0.2942,0.296,0.254,0.2292,0.279,0.2812,0.13664174031271248,0.22567567567567567,0.051665533650577807,0.04999999999999993
442,scores\sd_v2_1,0.3052,0.3198,0.2625,0.238,0.2869,0.2917,0.139908256880734,0.2557848655409631,0.05996068152031467,0.0878674171357097
443,scores\sd_v2_1,0.3152,0.3242,0.266,0.2612,0.2905,0.2969,0.15609137055837555,0.19432449105490437,0.07836294416243655,0.08420727945712521
444,scores\sd_v2_1,0.2969,0.3083,0.2505,0.2322,0.2754,0.2803,0.15628157628831255,0.2468374959455077,0.07241495453014489,0.09082062925721707
445,scores\sd_v2_1,0.2937,0.2896,0.2627,0.242,0.28,0.271,0.10554988083077979,0.164364640883978,0.046646237657473576,0.06422651933701659
446,scores\sd_v2_1,0.2856,0.283,0.2515,0.2152,0.2683,0.2505,0.11939775910364152,0.23957597173144868,0.060574229691876876,0.1148409893992932
447,scores\sd_v2_1,0.2903,0.2908,0.253,0.248,0.274,0.284,0.12848777127109887,0.1471801925722146,0.05614881157423349,0.0233837689133426
448,scores\sd_v2_1,0.2888,0.2898,0.2554,0.2189,0.2756,0.2764,0.11565096952908582,0.24465148378191853,0.0457063711911357,0.04623878536922023
449,scores\sd_v2_1,0.2974,0.306,0.2644,0.229,0.2812,0.2898,0.1109616677874915,0.2516339869281045,0.05447209145931403,0.052941176470588214
450,scores\sd_v2_1,0.2874,0.292,0.2612,0.2428,0.2708,0.266,0.09116214335421016,0.1684931506849315,0.057759220598469045,0.08904109589041086
451,scores\sd_v2_1,0.2788,0.2751,0.2437,0.1907,0.2695,0.254,0.125896700143472,0.30679752817157396,0.03335724533715916,0.07669938204289352
452,scores\sd_v2_1,0.275,0.244,0.2374,0.1705,0.2598,0.2219,0.1367272727272728,0.30122950819672123,0.05527272727272744,0.09057377049180332
453,scores\sd_v2_1,0.2874,0.2825,0.2556,0.2,0.2688,0.2449,0.11064718162839247,0.2920353982300884,0.06471816283924846,0.13309734513274327
454,scores\sd_v2_1,0.2756,0.2494,0.2423,0.1831,0.2585,0.2129,0.12082728592162563,0.26583801122694467,0.06204644412191583,0.1463512429831596
455,scores\sd_v2_1,0.2917,0.3018,0.2708,0.2502,0.279,0.282,0.07164895440521094,0.1709741550695826,0.04353788138498453,0.06560636182902597
456,scores\sd_v2_1,0.2544,0.2115,0.2205,0.1512,0.2462,0.1964,0.13325471698113212,0.28510638297872337,0.03223270440251577,0.07139479905437354
457,scores\sd_v2_1,0.2625,0.2228,0.2366,0.1843,0.2477,0.2007,0.09866666666666668,0.1728007181328546,0.05638095238095241,0.09919210053859968
458,scores\sd_v2_1,0.266,0.2478,0.2399,0.1958,0.2568,0.2452,0.09812030075187973,0.2098466505246166,0.034586466165413686,0.010492332526230797
459,scores\sd_v2_1,0.266,0.2366,0.2383,0.196,0.2522,0.2236,0.10413533834586466,0.17159763313609466,0.05187969924812043,0.05494505494505499
460,scores\sd_v2_1,0.2517,0.1909,0.2241,0.1417,0.2386,0.1678,0.10965435041716325,0.2577265584075432,0.05204608661104479,0.1210057621791513
461,scores\sd_v2_1,0.251,0.2064,0.2032,0.1071,0.2339,0.1698,0.19043824701195222,0.4811046511627907,0.06812749003984066,0.17732558139534882
462,scores\sd_v2_1,0.262,0.226,0.2325,0.1831,0.2457,0.2119,0.11259541984732824,0.1898230088495575,0.062213740458015296,0.062389380530973454
463,scores\sd_v2_1,0.272,0.2615,0.2456,0.2189,0.261,0.2456,0.09705882352941178,0.16290630975143403,0.040441176470588265,0.06080305927342255
464,scores\sd_v2_1,0.293,0.2764,0.2751,0.2607,0.287,0.2876,0.06109215017064837,0.056801736613603444,0.020477815699658723,-0.04052098408104213
465,scores\sd_v2_1,0.295,0.2754,0.2615,0.222,0.2808,0.2622,0.11355932203389822,0.19389978213507617,0.04813559322033895,0.047930283224400835
466,scores\sd_v2_1,0.2888,0.2695,0.268,0.2295,0.283,0.2712,0.0720221606648199,0.14842300556586271,0.02008310249307489,-0.0063079777365490875
467,scores\sd_v2_1,0.2747,0.2201,0.255,0.1835,0.2693,0.2146,0.07171459774299234,0.1662880508859609,0.019657808518383748,0.024988641526578724
468,scores\sd_v2_1,0.2979,0.2908,0.2756,0.2593,0.295,0.2888,0.07485733467606574,0.10832187070151317,0.009734810339039992,0.0068775790921595656
469,scores\sd_v2_1,0.2878,0.268,0.2678,0.2428,0.2834,0.2737,0.06949270326615711,0.09402985074626875,0.015288394718554603,-0.021268656716417846
470,scores\sd_v2_1,0.2886,0.2734,0.261,0.2211,0.2754,0.2505,0.09563409563409567,0.19129480614484268,0.04573804573804589,0.08376005852231155
471,scores\sd_v2_1,0.2812,0.2262,0.2418,0.1786,0.265,0.2089,0.1401137980085349,0.21043324491600354,0.057610241820768106,0.07648099027409376
472,scores\sd_v2_1,0.2896,0.2915,0.2656,0.264,0.275,0.2944,0.08287292817679565,0.09433962264150933,0.05041436464088398,-0.00994854202401377
473,scores\sd_v2_1,0.269,0.2316,0.2402,0.1754,0.2598,0.2249,0.10706319702602238,0.24265975820379965,0.034200743494423945,0.028929188255613175
474,scores\sd_v2_1,0.2952,0.3154,0.2734,0.297,0.283,0.3203,0.07384823848238496,0.05833861762840845,0.04132791327913294,-0.015535827520608623
475,scores\sd_v2_1,0.2827,0.258,0.2515,0.2123,0.2646,0.2389,0.11036434382737886,0.1771317829457365,0.06402546869472941,0.07403100775193801
476,scores\sd_v2_1,0.2727,0.2385,0.2407,0.1885,0.256,0.2228,0.11734506784011735,0.20964360587002093,0.061239457279061216,0.06582809224318655
477,scores\sd_v2_1,0.2742,0.2505,0.2512,0.2202,0.2625,0.2435,0.08388037928519336,0.1209580838323353,0.042669584245076546,0.02794411177644713
478,scores\sd_v2_1,0.2915,0.3167,0.261,0.2698,0.2744,0.3066,0.10463121783876492,0.14808967477107673,0.058662092624356794,0.03189137985475213
479,scores\sd_v2_1,0.282,0.2573,0.257,0.2239,0.2668,0.251,0.08865248226950344,0.12980956082394088,0.05390070921985813,0.02448503692188097
